"Node
= Variable
= Title",Full BayesDown Statement,Description,"Meta Data
(after [Statment] / <Argument>)",PA(Node),"Conditional Probability Distribution (for Node, given all parents and all of their possible instantiations)","Possible Instantiations (Variable=Node)
Variable=TRUE: ""variable""
Variable=FALSE: ""no_variable""",Possible Instantiations of each Parent Variable,"Prior Probability
(or unconditional probability)
","""Generate Positive Instantiation Questions"":
Posterior Probability (Node) = Conditional Probability (Node | all possible combinations of instantiations of parent variables",Posterior Probability Estimates (for Var=TRUE) = Conditional Probability (Node | all possible combinations of instantiations of parent variables,"""Generate Negative Instantiation Questions"":
Posterior Probability (Node) = Conditional Probability (Node | all possible combinations of instantiations of parent variables",Posterior Probability Estimates (for Var=FALSE) = Conditional Probability (Node | all possible combinations of instantiations of parent variables,"Line
Number
=",Indentation_Level,CH(Node),No Parents ,Has Parents,No Children,Has Children
Grass_Wet,"[Grass_Wet]: Concentrated moisture on, between and around the blades of grass.
{""instantiations"": [""grass_wet_TRUE"", ""grass_wet_FALSE""],
""priors"": {
                ""p(grass_wet_TRUE)"": ""0.322"",
                ""p(grass_wet_FALSE)"": ""0.678""
               },
""posteriors"": {
                     ""p(grass_wet_TRUE|sprinkler_TRUE,rain_TRUE)"": ""0.00198"",
                     ""p(grass_wet_TRUE|sprinkler_TRUE,rain_FALSE)"": ""0.288"",
                     ""p(grass_wet_TRUE|sprinkler_FALSE,rain_TRUE)"": ""0.1584"",
                     ""p(grass_wet_TRUE|sprinkler_FALSE,rain_FALSE)"": ""0"",
                     ""p(grass_wet_FALSE|sprinkler_TRUE,rain_TRUE)"": ""0.00002"",
                     ""p(grass_wet_FALSE|sprinkler_TRUE,rain_FALSE)"": ""0.032"",
                     ""p(grass_wet_FALSE|sprinkler_FALSE,rain_TRUE)"": ""0.0396"",
                     ""p(grass_wet_FALSE|sprinkler_FALSE,rain_FALSE)"": """"0.48""
                     }
}","Concentrated moisture on, between and around the blades of grass.","{""instantiations"": [""grass_wet_TRUE"", ""grass_wet_FALSE""],
""priors"": {
                ""p(grass_wet_TRUE)"": ""0.322"",
                ""p(grass_wet_FALSE)"": ""0.678""
               },
""posteriors"": {
                     ""p(grass_wet_TRUE|sprinkler_TRUE,rain_TRUE)"": ""0.00198"",
                     ""p(grass_wet_TRUE|sprinkler_TRUE,rain_FALSE)"": ""0.288"",
                     ""p(grass_wet_TRUE|sprinkler_FALSE,rain_TRUE)"": ""0.1584"",
                     ""p(grass_wet_TRUE|sprinkler_FALSE,rain_FALSE)"": ""0"",
                     ""p(grass_wet_FALSE|sprinkler_TRUE,rain_TRUE)"": ""0.00002"",
                     ""p(grass_wet_FALSE|sprinkler_TRUE,rain_FALSE)"": ""0.032"",
                     ""p(grass_wet_FALSE|sprinkler_FALSE,rain_TRUE)"": ""0.0396"",
                     ""p(grass_wet_FALSE|sprinkler_FALSE,rain_FALSE)"": """"0.48""
                     }
}","['rain', 'sprinkler']","[
p(grass_wet_TRUE|sprinkler_TRUE,rain_TRUE)=0.00198,
p(grass_wet_TRUE|sprinkler_TRUE,rain_FALSE)=0.288,
p(grass_wet_TRUE|sprinkler_FALSE,rain_TRUE)=0.1584,
p(grass_wet_TRUE|sprinkler_FALSE,rain_FALSE)=0,
p(grass_wet_FALSE|sprinkler_TRUE,rain_TRUE)=0.00002,
p(grass_wet_FALSE|sprinkler_TRUE,rain_FALSE)=0.032,
p(grass_wet_FALSE|sprinkler_FALSE,rain_TRUE)=0.0396,
p(grass_wet_FALSE|sprinkler_FALSE,rain_FALSE)=0.48
]","
[
""grass_wet_TRUE"", 
""grass_wet_FALSE""
]","[
[""TRUE"", ""FALSE""],
[""TRUE"", ""FALSE""]
]","
{
""p(grass_wet_TRUE)"": 0.44838,
""p(grass_wet_FALSE)"": 0.55162
}","[
""p(grass_wet_TRUE|sprinkler_TRUE,rain_TRUE)"": ""What is the probability for Grass_Wet=TRUE if sprinkler_TRUE=TRUE and rain_TRUE=TRUE?"",
p(grass_wet_TRUE|sprinkler_TRUE,rain_FALSE): ""What is the probability for Grass_Wet=TRUE if sprinkler_TRUE=TRUE and rain_TRUE=FALSE?"",
p(grass_wet_TRUE|sprinkler_FALSE,rain_TRUE): ""What is the probability for Grass_Wet=TRUE if sprinkler_TRUE=FALSE and rain_TRUE=TRUE?"",
p(grass_wet_TRUE|sprinkler_FALSE,rain_FALSE): ""What is the probability for Grass_Wet=TRUE if sprinkler_TRUE=FALSE and rain_TRUE=FALSE?""
]","[
p(grass_wet_TRUE|sprinkler_TRUE,rain_TRUE)=0.00198,
p(grass_wet_TRUE|sprinkler_TRUE,rain_FALSE)=0.288,
p(grass_wet_TRUE|sprinkler_FALSE,rain_TRUE)=0.1584,
p(grass_wet_TRUE|sprinkler_FALSE,rain_FALSE)=0
]","[
p(grass_wet_FALSE|sprinkler_TRUE,rain_TRUE): ""What is the probability for Grass_Wet=FALSE if sprinkler_TRUE=TRUE and rain_TRUE=TRUE?"",
p(grass_wet_FALSE|sprinkler_TRUE,rain_FALSE): ""What is the probability for Grass_Wet=FALSE if sprinkler_TRUE=TRUE and rain_TRUE=FALSE?"",
p(grass_wet_FALSE|sprinkler_FALSE,rain_TRUE): ""What is the probability for Grass_Wet=FALSE if sprinkler_TRUE=FALSE and rain_TRUE=TRUE?"",
p(grass_wet_FALSE|sprinkler_FALSE,rain_FALSE): ""What is the probability for Grass_Wet=FALSE if sprinkler_TRUE=FALSE and rain_TRUE=FALSE?""
]","[
p(grass_wet_FALSE|sprinkler_TRUE,rain_TRUE)=0.00002,
p(grass_wet_FALSE|sprinkler_TRUE,rain_FALSE)=0.032,
p(grass_wet_FALSE|sprinkler_FALSE,rain_TRUE)=0.0396,
p(grass_wet_FALSE|sprinkler_FALSE,rain_FALSE)=0.48
]",1,0,"[
]",FALSE,TRUE,TRUE,FALSE
Rain,"<rain_TRUE>: Tears of angles crying high up in the skies hitting the ground.
{""instantiations"": [""TRUE"", ""FALSE""],
""priors"": {
                ""p(TRUE)"": ""0.2"",
                ""p(FALSE)"": ""0.8""
               },
""posteriors"": {
                     }
}",Tears of angles crying high up in the skies hitting the ground.,"{""instantiations"": [""TRUE"", ""FALSE""],
""priors"": {
                ""p(TRUE)"": ""0.2"",
                ""p(FALSE)"": ""0.8""
               },
""posteriors"": {
                     }
}","[
]","[
]","[
""rain_TRUE"", 
""rain_FALSE""
]","[
]","{
""p(rain_TRUE)"": 0.2,
""p(rain_FALSE)"": 0.8
}","[
]","[
]","[
]","[
]","[
2, 4
]","[
1, 2
]","['Sprinkler, 'Grass_wet']",TRUE,FALSE,FALSE,TRUE
Sprinkler,"[sprinkler_TRUE]: Activation of a centrifugal force based CO2 droplet distribution system.
{""instantiations"": [""TRUE"", ""FALSE""],
""priors"": {
                ""p(TRUE)"": ""0.44838"",
                ""p(FALSE)"": ""0.55162""
               },
""posteriors"": {
                     ""p(sprinkler_TRUE|rain_TRUE)"": ""0.01"",
                     ""p(sprinkler_TRUE|rain_FALSE)"": ""0.4"",
                     ""p(sprinkler_FALSE|rain_TRUE)"": ""0.99"",
                     ""p(sprinkler_FALSE|rain_FALSE)"":""0.6""
                     }
}",Acivation of a centrifugal force based CO2 droplet distribution system.,"{""instantiations"": [""TRUE"", ""FALSE""],
""priors"": {
                ""p(TRUE)"": ""0.44838"",
                ""p(FALSE)"": ""0.55162""
               },
""posteriors"": {
                     ""p(sprinkler_TRUE|rain_TRUE)"": ""0.01"",
                     ""p(sprinkler_TRUE|rain_FALSE)"": ""0.4"",
                     ""p(sprinkler_FALSE|rain_TRUE)"": ""0.99"",
                     ""p(sprinkler_FALSE|rain_FALSE)"":""0.6""
                     }
}",['rain'],"[
p(sprinkler_TRUE|rain_TRUE)=0.01,
p(sprinkler_TRUE|rain_FALSE)=0.4,
p(sprinkler_FALSE|rain_TRUE)=0.99,
p(sprinkler_FALSE|rain_FALSE)=0.6
]","[
""sprinkler_TRUE"", 
""sprinkler_FALSE""
]","[""TRUE"", ""FALSE""]","{
""p(sprinkler_TRUE)"": 0.322,
""p(sprinkler_FALSE)"": 0.678
}","[
p(sprinkler_TRUE|rain_TRUE): ""What is the probability for sprinkler_TRUE=TRUE if rain_TRUE=TRUE?"",
p(sprinkler_TRUE|rain_FALSE): ""What is the probability for sprinkler_TRUE=TRUE if rain_TRUE=FALSE?""
]","[
p(sprinkler_TRUE|rain_TRUE)=0.01,
p(sprinkler_TRUE|rain_FALSE)=0.4
]","[
p(sprinkler_FALSE|rain_TRUE): ""What is the probability for sprinkler_TRUE=FALSE if rain_TRUE=TRUE?"",
p(sprinkler_FALSE|rain_FALSE): ""What is the probability for sprinkler_TRUE=FALSE if rain_TRUE=FALSE?""
]","[
p(sprinkler_FALSE|rain_TRUE)=0.99,
p(sprinkler_FALSE|rain_FALSE)=0.6
]",3,1,['Grass_wet'],FALSE,TRUE,FALSE,TRUE